<laser>
  <laser_specifications>
    <max_angle>6.28318548203</max_angle>
    <min_angle>0.0</min_angle>
    <max_range>5.0</max_range>
    <min_range>0.599999</min_range>
    <num_rays>360</num_rays>
    <frequency>10</frequency>
    <pose>
      <x>0</x>
      <y>0</y>
      <theta>0</theta>
    </pose>
    <noise>
      <filename>noises/noise_gauss.xml</filename>
      <noise_specifications>
        <noise_mean>0.5</noise_mean>
        <noise_std>0.05</noise_std>
      </noise_specifications>
    </noise>
  </laser_specifications>
</laser>
